Class,mAP50-95
ball,0.2110216408730159
bat,0.47793552478120027
batsman,0.8626711046997002
bowler,0.8017237339043065
player,0.8209588065397428
stumps,0.685424149333959
umpire,0.8930649286073556
