mAP50,mAP50-95,Precision,Recall
0.8958845502493162,0.67897141267704,0.9476113066360954,0.8638221693894134
